﻿<grammar version="1.0" sapi:alphabet="x-microsoft-ups" xml:lang="ko-KR" root="Command"
         tag-format="semantics-ms/1.0" xmlns="http://www.w3.org/2001/06/grammar"
         xmlns:sapi="http://schemas.microsoft.com/Speech/2002/06/SRGSExtensions">
  <rule id="Command" scope="public">
    <one-of>
      <item>녹화시작</item>
      <item>녹화종료</item>
      <item>악셀</item>
      <item>브레이크</item>
      <item>좌회전</item>
      <item>우회전</item>
      <item>후진</item>
      <item>탭일</item>
      <item>탭이</item>
      <item>탭삼</item>
      <item>탭사</item>
      <item>오비디영</item>
      <item>오비디일</item>
      <item>오비디삼</item>
      <item>오비디사</item>
      <item>오비디오</item>
      <item>오비디육</item>
      <item>오비디칠</item>
      <item>오비디십일</item>
      <item>오비디십이</item>
      <item>오비디십삼</item>
      <item>오비디십사</item>
      <item>오비디십오</item>
      <item>오비디십칠</item>
      <item>오비디십구</item>
      <item>오비디이십팔</item>
      <item>오비디삼십일</item>
      <item>오비디삼십삼</item>
      <item>오비디사십육</item>
      <item>오비디사십칠</item>
      <item>오비디사십팔</item>
      <item>오비디사십구</item>
      <item>오비디오십</item>
      <item>오비디오십일</item>
      <item>오비디오십이</item>
      <item>오비디육십</item>
      <item>오비디육십이</item>
      <item>오비디육십사</item>
      <item>오비디육십오</item>
      <item>오비디육십육</item>
      <item>오비디육십칠</item>
      <item>오비디육십구</item>
      <item>오비디칠십</item>
      <item>오비디칠십일</item>
      <item>오비디칠십삼</item>
      <item>오비디칠십사</item>
      <item>오비디칠십육</item>
      <item>오비디칠십칠</item>
      <item>오비디칠십팔</item>
      <item>오비디팔십오</item>
      <item>오비디검색시작</item>
      <item>오비디검색종료</item>
      <item>오비디리스트</item>
    </one-of>
  </rule>
</grammar>